,Product name,Product prices,Product Description,Product reviews
0,"APPLE iPhone 11 (White, 128 GB)","₹45,499",128 GB ROM15.49 cm (6.1 inch) Liquid Retina HD Display12MP + 12MP | 12MP Front CameraA13 Bionic Chip ProcessorBrand Warranty of 1 Year,4.6
1,"APPLE iPhone 11 (Black, 128 GB)","₹45,499",128 GB ROM15.49 cm (6.1 inch) Liquid Retina HD Display12MP + 12MP | 12MP Front CameraA13 Bionic Chip ProcessorBrand Warranty of 1 Year,4.6
2,"MOTOROLA Edge 30 Ultra (Interstellar Black, 256 GB)","₹49,999",12 GB RAM | 256 GB ROM16.94 cm (6.67 inch) Full HD+ Display200MP + 50MP + 12MP | 60MP Front Camera4610 mAh Lithium BatteryQualcomm Snapdragon 8+ Gen 1 Processor1 Year on Handset and 6 Months on Accessories,4.2
3,GREENBERRI RAFALE,₹899,32 MB RAM | 32 MB ROM4.57 cm (1.8 inch) Display2MP Rear Camera1000 mAh Battery1 year  domestic warranty,3.9
4,"MOTOROLA Edge 30 Ultra (Starlight White, 256 GB)","₹49,999",12 GB RAM | 256 GB ROM16.94 cm (6.67 inch) Full HD+ Display200MP + 50MP + 12MP | 60MP Front Camera4610 mAh Lithium BatteryQualcomm Snapdragon 8+ Gen 1 Processor1 Year on Handset and 6 Months on Accessories,4.2
5,"OnePlus 10 Pro 5G (Volcanic Black, 128 GB)","₹48,280",8 GB RAM | 128 GB ROM17.02 cm (6.7 inch) Display48MP Rear Camera5000 mAh Battery1 Year Manufacturer Warranty for Handset and 6 Months Warranty for In the Box Accessories,4.2
6,"SAMSUNG Galaxy A54 5G (Awesome Graphite, 256 GB)","₹40,999","8 GB RAM | 256 GB ROM | Expandable Upto 1 TB16.26 cm (6.4 inch) Full HD+ Display50MP + 12MP + 5MP | 32MP Front Camera5000 mAh BatteryExynos 1380, Octa Core Processor1 Year Manufacturer Warranty for Device and 6 Months Manufacturer Warranty for In-Box Accessories",4.3
7,Cellecor E3,"₹1,061",32 MB RAM | 32 MB ROM | Expandable Upto 32 GB4.57 cm (1.8 inch) Display0.8MP Rear Camera1000 mAh Battery1 Year Manufacturer Warranty,3.6
8,"SAMSUNG Galaxy A54 5G (Awesome Lime, 256 GB)","₹40,999","8 GB RAM | 256 GB ROM | Expandable Upto 1 TB16.26 cm (6.4 inch) Full HD+ Display50MP + 12MP + 5MP | 32MP Front Camera5000 mAh BatteryExynos 1380, Octa Core Processor1 Year Manufacturer Warranty for Device and 6 Months Manufacturer Warranty for In-Box Accessories",4.3
9,"SAMSUNG Galaxy S21 FE 5G (Olive Green, 128 GB)","₹39,999",8 GB RAM | 128 GB ROM16.26 cm (6.4 inch) Full HD+ Display12MP + 12MP + 8MP (OIS) | 32MP Front Camera4500 mAh Lithium-ion Battery1 Year Manufacturer Warranty for Device and 6 Months Manufacturer Warranty for In-Box Accessories,4.3
10,"SAMSUNG Galaxy S21 FE 5G (Graphite, 128 GB)","₹39,999",8 GB RAM | 128 GB ROM16.26 cm (6.4 inch) Full HD+ Display12MP + 12MP + 8MP (OIS) | 32MP Front Camera4500 mAh Lithium-ion Battery1 Year Manufacturer Warranty for Device and 6 Months Manufacturer Warranty for In-Box Accessories,4.3
11,"OnePlus 11R 5G (Sonic Black, 256 GB)","₹44,299",16 GB RAM | 256 GB ROM17.02 cm (6.7 inch) Display50MP Rear Camera5000 mAh BatteryDomestic warranty of 12 months on phone & 6 months on accessries,4.6
12,"Xiaomi 12 Pro 5G (Opera Mauve, 256 GB)","₹43,999",8 GB RAM | 256 GB ROM17.09 cm (6.73 inch) Full HD+ AMOLED Display50MP Rear Camera4600 mAh BatterySnapdragon@ 8 Gen 1 Processor12 Months,4.2
13,"OnePlus 10 Pro 5G (Emerald Forest, 128 GB)","₹48,490",8 GB RAM | 128 GB ROM17.02 cm (6.7 inch) Display48MP Rear Camera5000 mAh Battery1 year manufacturer warranty for device and 6 months manufacturer warranty for in-box accessories including batteries from the date of purchase,4.2
14,"SAMSUNG Galaxy A54 5G (Awesome Violet, 256 GB)","₹40,999","8 GB RAM | 256 GB ROM | Expandable Upto 1 TB16.26 cm (6.4 inch) Full HD+ Display50MP + 12MP + 5MP | 32MP Front Camera5000 mAh BatteryExynos 1380, Octa Core Processor1 Year Manufacturer Warranty for Device and 6 Months Manufacturer Warranty for In-Box Accessories",4.3
15,"SAMSUNG Galaxy S22 5G (Green, 128 GB)","₹49,390",8 GB RAM | 128 GB ROM15.49 cm (6.1 inch) Display50MP Rear Camera3700 mAh Battery1 Year Warranty,4.3
16,"Xiaomi 12 Pro 5G (Couture Blue, 256 GB)","₹47,999",12 GB RAM | 256 GB ROM17.09 cm (6.73 inch) Full HD+ AMOLED Display50MP Rear Camera4600 mAh BatterySnapdragon@ 8 Gen 1 Processor12 Months,4.1
17,"Xiaomi 12 Pro 5G (Noir Black, 256 GB)","₹46,499",12 GB RAM | 256 GB ROM17.09 cm (6.73 inch) Full HD+ AMOLED Display50MP Rear Camera4600 mAh BatterySnapdragon@ 8 Gen 1 Processor12 Months,4.1
18,"SAMSUNG Galaxy A73 5G (Awesome Gray, 128 GB)","₹41,999",8 GB RAM | 128 GB ROM | Expandable Upto 1 TB17.02 cm (6.7 inch) Full HD+ Display108MP + 12MP + 5MP + 5MP | 32MP Front Camera5000 mAh Li-ion BatteryQualcomm Snapdragon 778G Processor1 Year Manufacturer Warranty for Device and 6 Months Manufacturer Warranty for In-Box,4.2
19,"SAMSUNG Galaxy A73 5G (Awesome White, 128 GB)","₹41,999",8 GB RAM | 128 GB ROM | Expandable Upto 1 TB17.02 cm (6.7 inch) Full HD+ Display108MP + 12MP + 5MP + 5MP | 32MP Front Camera5000 mAh Li-ion BatteryQualcomm Snapdragon 778G Processor1 Year Manufacturer Warranty for Device and 6 Months Manufacturer Warranty for In-Box,4.2
20,"SAMSUNG Galaxy S22 5G (Bora Purple, 128 GB)","₹49,949",8 GB RAM | 128 GB ROM15.49 cm (6.1 inch) Display50MP Rear Camera3700 mAh Battery1 year on phone & 6 months on accessories,4.3
21,"APPLE iPhone 11 (Green, 128 GB)","₹46,999",128 GB ROM15.49 cm (6.1 inch) Liquid Retina HD Display12MP + 12MP | 12MP Front CameraA13 Bionic Chip ProcessorBrand Warranty of 1 Year,4.6
22,"SAMSUNG Galaxy S22 5G (Phantom White, 128 GB)","₹49,999",8 GB RAM | 128 GB ROM15.49 cm (6.1 inch) Full HD+ Display50MP + 12MP + 10MP | 10MP Front Camera3700 mAh Lithium-ion BatteryOcta Core Processor1 Year Manufacturer Warranty for Device and 6 Months Manufacturer Warranty for In-Box Accessories,4.3
23,"SAMSUNG Galaxy S22 5G (Phantom Black, 128 GB)","₹49,999",8 GB RAM | 128 GB ROM15.49 cm (6.1 inch) Full HD+ Display50MP + 12MP + 10MP | 10MP Front Camera3700 mAh Lithium-ion BatteryOcta Core Processor1 Year Manufacturer Warranty for Device and 6 Months Manufacturer Warranty for In-Box Accessories,4.3
24,"APPLE iPhone 11 (White, 128 GB)","₹45,499",128 GB ROM15.49 cm (6.1 inch) Liquid Retina HD Display12MP + 12MP | 12MP Front CameraA13 Bionic Chip ProcessorBrand Warranty of 1 Year,4.6
25,"APPLE iPhone 11 (Black, 128 GB)","₹45,499",128 GB ROM15.49 cm (6.1 inch) Liquid Retina HD Display12MP + 12MP | 12MP Front CameraA13 Bionic Chip ProcessorBrand Warranty of 1 Year,4.6
26,"MOTOROLA Edge 30 Ultra (Interstellar Black, 256 GB)","₹49,999",12 GB RAM | 256 GB ROM16.94 cm (6.67 inch) Full HD+ Display200MP + 50MP + 12MP | 60MP Front Camera4610 mAh Lithium BatteryQualcomm Snapdragon 8+ Gen 1 Processor1 Year on Handset and 6 Months on Accessories,4.2
27,GREENBERRI RAFALE,₹899,32 MB RAM | 32 MB ROM4.57 cm (1.8 inch) Display2MP Rear Camera1000 mAh Battery1 YEAR DOMESTIC WARRANTY,3.9
28,"MOTOROLA Edge 30 Ultra (Starlight White, 256 GB)","₹49,999",12 GB RAM | 256 GB ROM16.94 cm (6.67 inch) Full HD+ Display200MP + 50MP + 12MP | 60MP Front Camera4610 mAh Lithium BatteryQualcomm Snapdragon 8+ Gen 1 Processor1 Year on Handset and 6 Months on Accessories,4.2
29,"OnePlus 10 Pro 5G (Volcanic Black, 128 GB)","₹48,280",8 GB RAM | 128 GB ROM17.02 cm (6.7 inch) Display48MP Rear Camera5000 mAh Battery1 Year Manufacturer Warranty for Handset and 6 Months Warranty for In the Box Accessories,4.2
30,"SAMSUNG Galaxy A54 5G (Awesome Graphite, 256 GB)","₹40,999","8 GB RAM | 256 GB ROM | Expandable Upto 1 TB16.26 cm (6.4 inch) Full HD+ Display50MP + 12MP + 5MP | 32MP Front Camera5000 mAh BatteryExynos 1380, Octa Core Processor1 Year Manufacturer Warranty for Device and 6 Months Manufacturer Warranty for In-Box Accessories",4.3
31,Cellecor E3,"₹1,061",32 MB RAM | 32 MB ROM | Expandable Upto 32 GB4.57 cm (1.8 inch) Display0.8MP Rear Camera1000 mAh Battery1 Year Manufacturer Warranty,3.6
32,"SAMSUNG Galaxy A54 5G (Awesome Lime, 256 GB)","₹40,999","8 GB RAM | 256 GB ROM | Expandable Upto 1 TB16.26 cm (6.4 inch) Full HD+ Display50MP + 12MP + 5MP | 32MP Front Camera5000 mAh BatteryExynos 1380, Octa Core Processor1 Year Manufacturer Warranty for Device and 6 Months Manufacturer Warranty for In-Box Accessories",4.3
33,"SAMSUNG Galaxy S21 FE 5G (Olive Green, 128 GB)","₹39,999",8 GB RAM | 128 GB ROM16.26 cm (6.4 inch) Full HD+ Display12MP + 12MP + 8MP (OIS) | 32MP Front Camera4500 mAh Lithium-ion Battery1 Year Manufacturer Warranty for Device and 6 Months Manufacturer Warranty for In-Box Accessories,4.3
34,"SAMSUNG Galaxy S21 FE 5G (Graphite, 128 GB)","₹39,999",8 GB RAM | 128 GB ROM16.26 cm (6.4 inch) Full HD+ Display12MP + 12MP + 8MP (OIS) | 32MP Front Camera4500 mAh Lithium-ion Battery1 Year Manufacturer Warranty for Device and 6 Months Manufacturer Warranty for In-Box Accessories,4.3
35,"OnePlus 11R 5G (Sonic Black, 256 GB)","₹44,299",16 GB RAM | 256 GB ROM17.02 cm (6.7 inch) Display50MP Rear Camera5000 mAh BatteryDomestic warranty of 12 months on phone & 6 months on accessries,4.6
36,"Xiaomi 12 Pro 5G (Opera Mauve, 256 GB)","₹43,999",8 GB RAM | 256 GB ROM17.09 cm (6.73 inch) Full HD+ AMOLED Display50MP Rear Camera4600 mAh BatterySnapdragon@ 8 Gen 1 Processor12 Months,4.2
37,"SAMSUNG Galaxy A54 5G (Awesome Violet, 256 GB)","₹40,999","8 GB RAM | 256 GB ROM | Expandable Upto 1 TB16.26 cm (6.4 inch) Full HD+ Display50MP + 12MP + 5MP | 32MP Front Camera5000 mAh BatteryExynos 1380, Octa Core Processor1 Year Manufacturer Warranty for Device and 6 Months Manufacturer Warranty for In-Box Accessories",4.3
38,"SAMSUNG Galaxy A73 5G (Awesome Gray, 256 GB)","₹40,050",8 GB RAM | 256 GB ROM | Expandable Upto 1 TB17.02 cm (6.7 inch) Full HD+ Display108MP + 12MP + 5MP + 5MP | 32MP Front Camera5000 mAh Li-ion BatteryQualcomm Snapdragon 778G Processor1 Year Manufacturer Warranty for Device and 6 Months Manufacturer Warranty for In-Box,4.2
39,"SAMSUNG Galaxy S22 5G (Green, 128 GB)","₹49,390",8 GB RAM | 128 GB ROM15.49 cm (6.1 inch) Display50MP Rear Camera3700 mAh Battery1 Year Warranty,4.3
40,"Xiaomi 12 Pro 5G (Couture Blue, 256 GB)","₹47,999",12 GB RAM | 256 GB ROM17.09 cm (6.73 inch) Full HD+ AMOLED Display50MP Rear Camera4600 mAh BatterySnapdragon@ 8 Gen 1 Processor12 Months,4.1
41,"Xiaomi 12 Pro 5G (Noir Black, 256 GB)","₹46,499",12 GB RAM | 256 GB ROM17.09 cm (6.73 inch) Full HD+ AMOLED Display50MP Rear Camera4600 mAh BatterySnapdragon@ 8 Gen 1 Processor12 Months,4.1
42,"SAMSUNG Galaxy A73 5G (Awesome Gray, 128 GB)","₹41,999",8 GB RAM | 128 GB ROM | Expandable Upto 1 TB17.02 cm (6.7 inch) Full HD+ Display108MP + 12MP + 5MP + 5MP | 32MP Front Camera5000 mAh Li-ion BatteryQualcomm Snapdragon 778G Processor1 Year Manufacturer Warranty for Device and 6 Months Manufacturer Warranty for In-Box,4.2
43,"SAMSUNG Galaxy S22 5G (Bora Purple, 128 GB)","₹49,949",8 GB RAM | 128 GB ROM15.49 cm (6.1 inch) Display50MP Rear Camera3700 mAh Battery1 year on phone & 6 months on accessories,4.3
44,"SAMSUNG Galaxy A73 5G (Awesome White, 128 GB)","₹41,999",8 GB RAM | 128 GB ROM | Expandable Upto 1 TB17.02 cm (6.7 inch) Full HD+ Display108MP + 12MP + 5MP + 5MP | 32MP Front Camera5000 mAh Li-ion BatteryQualcomm Snapdragon 778G Processor1 Year Manufacturer Warranty for Device and 6 Months Manufacturer Warranty for In-Box,4.2
45,"OnePlus 10 Pro 5G (Emerald Forest, 128 GB)","₹48,490",8 GB RAM | 128 GB ROM17.02 cm (6.7 inch) Display48MP Rear Camera5000 mAh Battery1 year manufacturer warranty for device and 6 months manufacturer warranty for in-box accessories including batteries from the date of purchase,4.2
46,"SAMSUNG Galaxy S22 5G (Phantom White, 128 GB)","₹49,999",8 GB RAM | 128 GB ROM15.49 cm (6.1 inch) Full HD+ Display50MP + 12MP + 10MP | 10MP Front Camera3700 mAh Lithium-ion BatteryOcta Core Processor1 Year Manufacturer Warranty for Device and 6 Months Manufacturer Warranty for In-Box Accessories,4.3
47,"APPLE iPhone 11 (Green, 128 GB)","₹46,999",128 GB ROM15.49 cm (6.1 inch) Liquid Retina HD Display12MP + 12MP | 12MP Front CameraA13 Bionic Chip ProcessorBrand Warranty of 1 Year,4.6
48,"APPLE iPhone 11 (White, 128 GB)","₹45,499",128 GB ROM15.49 cm (6.1 inch) Liquid Retina HD Display12MP + 12MP | 12MP Front CameraA13 Bionic Chip ProcessorBrand Warranty of 1 Year,4.6
49,"APPLE iPhone 11 (Black, 128 GB)","₹45,499",128 GB ROM15.49 cm (6.1 inch) Liquid Retina HD Display12MP + 12MP | 12MP Front CameraA13 Bionic Chip ProcessorBrand Warranty of 1 Year,4.6
50,"MOTOROLA Edge 30 Ultra (Interstellar Black, 256 GB)","₹49,999",12 GB RAM | 256 GB ROM16.94 cm (6.67 inch) Full HD+ Display200MP + 50MP + 12MP | 60MP Front Camera4610 mAh Lithium BatteryQualcomm Snapdragon 8+ Gen 1 Processor1 Year on Handset and 6 Months on Accessories,4.2
51,GREENBERRI RAFALE,₹899,32 MB RAM | 32 MB ROM4.57 cm (1.8 inch) Display2MP Rear Camera1000 mAh Battery1 YEAR DOMESTIC WARRANTY,3.9
52,"MOTOROLA Edge 30 Ultra (Starlight White, 256 GB)","₹49,999",12 GB RAM | 256 GB ROM16.94 cm (6.67 inch) Full HD+ Display200MP + 50MP + 12MP | 60MP Front Camera4610 mAh Lithium BatteryQualcomm Snapdragon 8+ Gen 1 Processor1 Year on Handset and 6 Months on Accessories,4.2
53,"OnePlus 10 Pro 5G (Volcanic Black, 128 GB)","₹48,280",8 GB RAM | 128 GB ROM17.02 cm (6.7 inch) Display48MP Rear Camera5000 mAh Battery1 Year Manufacturer Warranty for Handset and 6 Months Warranty for In the Box Accessories,4.2
54,"SAMSUNG Galaxy A54 5G (Awesome Graphite, 256 GB)","₹40,999","8 GB RAM | 256 GB ROM | Expandable Upto 1 TB16.26 cm (6.4 inch) Full HD+ Display50MP + 12MP + 5MP | 32MP Front Camera5000 mAh BatteryExynos 1380, Octa Core Processor1 Year Manufacturer Warranty for Device and 6 Months Manufacturer Warranty for In-Box Accessories",4.3
55,Cellecor E3,"₹1,061",32 MB RAM | 32 MB ROM | Expandable Upto 32 GB4.57 cm (1.8 inch) Display0.8MP Rear Camera1000 mAh Battery1 Year Manufacturer Warranty,3.6
56,"SAMSUNG Galaxy A54 5G (Awesome Lime, 256 GB)","₹40,999","8 GB RAM | 256 GB ROM | Expandable Upto 1 TB16.26 cm (6.4 inch) Full HD+ Display50MP + 12MP + 5MP | 32MP Front Camera5000 mAh BatteryExynos 1380, Octa Core Processor1 Year Manufacturer Warranty for Device and 6 Months Manufacturer Warranty for In-Box Accessories",4.3
57,"SAMSUNG Galaxy A73 5G (Awesome Gray, 256 GB)","₹42,999",8 GB RAM | 256 GB ROM | Expandable Upto 1 TB17.02 cm (6.7 inch) Full HD+ Display108MP + 12MP + 5MP + 5MP | 32MP Front Camera5000 mAh Li-ion BatteryQualcomm Snapdragon 778G Processor1 Year Manufacturer Warranty for Device and 6 Months Manufacturer Warranty for In-Box,4.2
58,"SAMSUNG Galaxy S21 FE 5G (Olive Green, 128 GB)","₹39,999",8 GB RAM | 128 GB ROM16.26 cm (6.4 inch) Full HD+ Display12MP + 12MP + 8MP (OIS) | 32MP Front Camera4500 mAh Lithium-ion Battery1 Year Manufacturer Warranty for Device and 6 Months Manufacturer Warranty for In-Box Accessories,4.3
59,"SAMSUNG Galaxy S21 FE 5G (Graphite, 128 GB)","₹39,999",8 GB RAM | 128 GB ROM16.26 cm (6.4 inch) Full HD+ Display12MP + 12MP + 8MP (OIS) | 32MP Front Camera4500 mAh Lithium-ion Battery1 Year Manufacturer Warranty for Device and 6 Months Manufacturer Warranty for In-Box Accessories,4.3
60,"OnePlus 11R 5G (Sonic Black, 256 GB)","₹44,299",16 GB RAM | 256 GB ROM17.02 cm (6.7 inch) Display50MP Rear Camera5000 mAh BatteryDomestic warranty of 12 months on phone & 6 months on accessries,4.6
61,"Xiaomi 12 Pro 5G (Opera Mauve, 256 GB)","₹43,999",8 GB RAM | 256 GB ROM17.09 cm (6.73 inch) Full HD+ AMOLED Display50MP Rear Camera4600 mAh BatterySnapdragon@ 8 Gen 1 Processor12 Months,4.2
62,"SAMSUNG Galaxy A54 5G (Awesome Violet, 256 GB)","₹40,999","8 GB RAM | 256 GB ROM | Expandable Upto 1 TB16.26 cm (6.4 inch) Full HD+ Display50MP + 12MP + 5MP | 32MP Front Camera5000 mAh BatteryExynos 1380, Octa Core Processor1 Year Manufacturer Warranty for Device and 6 Months Manufacturer Warranty for In-Box Accessories",4.3
63,"SAMSUNG Galaxy S22 5G (Green, 128 GB)","₹49,390",8 GB RAM | 128 GB ROM15.49 cm (6.1 inch) Display50MP Rear Camera3700 mAh Battery1 Year Warranty,4.3
64,"Xiaomi 12 Pro 5G (Couture Blue, 256 GB)","₹47,999",12 GB RAM | 256 GB ROM17.09 cm (6.73 inch) Full HD+ AMOLED Display50MP Rear Camera4600 mAh BatterySnapdragon@ 8 Gen 1 Processor12 Months,4.1
65,"Xiaomi 12 Pro 5G (Noir Black, 256 GB)","₹46,499",12 GB RAM | 256 GB ROM17.09 cm (6.73 inch) Full HD+ AMOLED Display50MP Rear Camera4600 mAh BatterySnapdragon@ 8 Gen 1 Processor12 Months,4.1
66,"SAMSUNG Galaxy A73 5G (Awesome Gray, 128 GB)","₹41,999",8 GB RAM | 128 GB ROM | Expandable Upto 1 TB17.02 cm (6.7 inch) Full HD+ Display108MP + 12MP + 5MP + 5MP | 32MP Front Camera5000 mAh Li-ion BatteryQualcomm Snapdragon 778G Processor1 Year Manufacturer Warranty for Device and 6 Months Manufacturer Warranty for In-Box,4.2
67,"SAMSUNG Galaxy A73 5G (Awesome White, 128 GB)","₹41,999",8 GB RAM | 128 GB ROM | Expandable Upto 1 TB17.02 cm (6.7 inch) Full HD+ Display108MP + 12MP + 5MP + 5MP | 32MP Front Camera5000 mAh Li-ion BatteryQualcomm Snapdragon 778G Processor1 Year Manufacturer Warranty for Device and 6 Months Manufacturer Warranty for In-Box,4.2
68,"SAMSUNG Galaxy S22 5G (Bora Purple, 128 GB)","₹49,949",8 GB RAM | 128 GB ROM15.49 cm (6.1 inch) Display50MP Rear Camera3700 mAh Battery1 year on phone & 6 months on accessories,4.3
69,"OnePlus 10 Pro 5G (Emerald Forest, 128 GB)","₹48,490",8 GB RAM | 128 GB ROM17.02 cm (6.7 inch) Display48MP Rear Camera5000 mAh Battery1 year manufacturer warranty for device and 6 months manufacturer warranty for in-box accessories including batteries from the date of purchase,4.2
70,"SAMSUNG Galaxy S22 5G (Phantom White, 128 GB)","₹49,999",8 GB RAM | 128 GB ROM15.49 cm (6.1 inch) Full HD+ Display50MP + 12MP + 10MP | 10MP Front Camera3700 mAh Lithium-ion BatteryOcta Core Processor1 Year Manufacturer Warranty for Device and 6 Months Manufacturer Warranty for In-Box Accessories,4.3
71,"APPLE iPhone 11 (Green, 128 GB)","₹46,999",128 GB ROM15.49 cm (6.1 inch) Liquid Retina HD Display12MP + 12MP | 12MP Front CameraA13 Bionic Chip ProcessorBrand Warranty of 1 Year,4.6
72,"APPLE iPhone 11 (White, 128 GB)","₹45,499",128 GB ROM15.49 cm (6.1 inch) Liquid Retina HD Display12MP + 12MP | 12MP Front CameraA13 Bionic Chip ProcessorBrand Warranty of 1 Year,4.6
73,"APPLE iPhone 11 (Black, 128 GB)","₹45,499",128 GB ROM15.49 cm (6.1 inch) Liquid Retina HD Display12MP + 12MP | 12MP Front CameraA13 Bionic Chip ProcessorBrand Warranty of 1 Year,4.6
74,"MOTOROLA Edge 30 Ultra (Interstellar Black, 256 GB)","₹49,999",12 GB RAM | 256 GB ROM16.94 cm (6.67 inch) Full HD+ Display200MP + 50MP + 12MP | 60MP Front Camera4610 mAh Lithium BatteryQualcomm Snapdragon 8+ Gen 1 Processor1 Year on Handset and 6 Months on Accessories,4.2
75,Cellecor X3,"₹1,105",32 MB RAM | 32 MB ROM | Expandable Upto 32 GB4.57 cm (1.8 inch) Display0.3MP Rear Camera1000 mAh Battery1 Year Domestic Warranty,3.4
76,"MOTOROLA Edge 30 Ultra (Starlight White, 256 GB)","₹49,999",12 GB RAM | 256 GB ROM16.94 cm (6.67 inch) Full HD+ Display200MP + 50MP + 12MP | 60MP Front Camera4610 mAh Lithium BatteryQualcomm Snapdragon 8+ Gen 1 Processor1 Year on Handset and 6 Months on Accessories,4.2
77,"OnePlus 10 Pro 5G (Volcanic Black, 128 GB)","₹48,280",8 GB RAM | 128 GB ROM17.02 cm (6.7 inch) Display48MP Rear Camera5000 mAh Battery1 Year Manufacturer Warranty for Handset and 6 Months Warranty for In the Box Accessories,4.2
78,"SAMSUNG Galaxy A54 5G (Awesome Graphite, 256 GB)","₹40,999","8 GB RAM | 256 GB ROM | Expandable Upto 1 TB16.26 cm (6.4 inch) Full HD+ Display50MP + 12MP + 5MP | 32MP Front Camera5000 mAh BatteryExynos 1380, Octa Core Processor1 Year Manufacturer Warranty for Device and 6 Months Manufacturer Warranty for In-Box Accessories",4.3
79,Cellecor E6+,"₹1,236",32 MB RAM | 32 MB ROM4.57 cm (1.8 inch) Display0.8MP Rear Camera2750 mAh Battery1 year warranty for device and 6months warranty for accessories,3.5
80,"SAMSUNG Galaxy A54 5G (Awesome Lime, 256 GB)","₹40,999","8 GB RAM | 256 GB ROM | Expandable Upto 1 TB16.26 cm (6.4 inch) Full HD+ Display50MP + 12MP + 5MP | 32MP Front Camera5000 mAh BatteryExynos 1380, Octa Core Processor1 Year Manufacturer Warranty for Device and 6 Months Manufacturer Warranty for In-Box Accessories",4.3
81,"SAMSUNG Galaxy S21 FE 5G (Olive Green, 128 GB)","₹39,999",8 GB RAM | 128 GB ROM16.26 cm (6.4 inch) Full HD+ Display12MP + 12MP + 8MP (OIS) | 32MP Front Camera4500 mAh Lithium-ion Battery1 Year Manufacturer Warranty for Device and 6 Months Manufacturer Warranty for In-Box Accessories,4.3
82,Cellecor E9,"₹1,007",32 MB RAM | 32 MB ROM4.57 cm (1.8 inch) Display1000 mAh Battery1 Year Manufacturer Warranty,3.9
83,Cellecor E3,"₹1,061",32 MB RAM | 32 MB ROM | Expandable Upto 32 GB4.57 cm (1.8 inch) Display0.8MP Rear Camera1000 mAh Battery1 Year Manufacturer Warranty,3.6
84,"SAMSUNG Galaxy S21 FE 5G (Graphite, 128 GB)","₹39,999",8 GB RAM | 128 GB ROM16.26 cm (6.4 inch) Full HD+ Display12MP + 12MP + 8MP (OIS) | 32MP Front Camera4500 mAh Lithium-ion Battery1 Year Manufacturer Warranty for Device and 6 Months Manufacturer Warranty for In-Box Accessories,4.3
85,"OnePlus 11R 5G (Sonic Black, 256 GB)","₹44,299",16 GB RAM | 256 GB ROM17.02 cm (6.7 inch) Display50MP Rear Camera5000 mAh BatteryDomestic warranty of 12 months on phone & 6 months on accessries,4.6
86,"Xiaomi 12 Pro 5G (Opera Mauve, 256 GB)","₹43,999",8 GB RAM | 256 GB ROM17.09 cm (6.73 inch) Full HD+ AMOLED Display50MP Rear Camera4600 mAh BatterySnapdragon@ 8 Gen 1 Processor12 Months,4.2
87,"SAMSUNG Galaxy A54 5G (Awesome Violet, 256 GB)","₹40,999","8 GB RAM | 256 GB ROM | Expandable Upto 1 TB16.26 cm (6.4 inch) Full HD+ Display50MP + 12MP + 5MP | 32MP Front Camera5000 mAh BatteryExynos 1380, Octa Core Processor1 Year Manufacturer Warranty for Device and 6 Months Manufacturer Warranty for In-Box Accessories",4.3
88,"SAMSUNG Galaxy A73 5G (Awesome Gray, 256 GB)","₹40,050",8 GB RAM | 256 GB ROM | Expandable Upto 1 TB17.02 cm (6.7 inch) Full HD+ Display108MP + 12MP + 5MP + 5MP | 32MP Front Camera5000 mAh Li-ion BatteryQualcomm Snapdragon 778G Processor1 Year Manufacturer Warranty for Device and 6 Months Manufacturer Warranty for In-Box,4.2
89,"SAMSUNG Galaxy S22 5G (Green, 128 GB)","₹49,390",8 GB RAM | 128 GB ROM15.49 cm (6.1 inch) Display50MP Rear Camera3700 mAh Battery1 Year Warranty,4.3
90,"Xiaomi 12 Pro 5G (Couture Blue, 256 GB)","₹47,999",12 GB RAM | 256 GB ROM17.09 cm (6.73 inch) Full HD+ AMOLED Display50MP Rear Camera4600 mAh BatterySnapdragon@ 8 Gen 1 Processor12 Months,4.1
91,"Xiaomi 12 Pro 5G (Noir Black, 256 GB)","₹46,499",12 GB RAM | 256 GB ROM17.09 cm (6.73 inch) Full HD+ AMOLED Display50MP Rear Camera4600 mAh BatterySnapdragon@ 8 Gen 1 Processor12 Months,4.1
92,"SAMSUNG Galaxy A73 5G (Awesome Gray, 128 GB)","₹41,999",8 GB RAM | 128 GB ROM | Expandable Upto 1 TB17.02 cm (6.7 inch) Full HD+ Display108MP + 12MP + 5MP + 5MP | 32MP Front Camera5000 mAh Li-ion BatteryQualcomm Snapdragon 778G Processor1 Year Manufacturer Warranty for Device and 6 Months Manufacturer Warranty for In-Box,4.2
93,"SAMSUNG Galaxy S22 5G (Bora Purple, 128 GB)","₹49,949",8 GB RAM | 128 GB ROM15.49 cm (6.1 inch) Display50MP Rear Camera3700 mAh Battery1 year on phone & 6 months on accessories,4.3
94,"SAMSUNG Galaxy A73 5G (Awesome White, 128 GB)","₹41,999",8 GB RAM | 128 GB ROM | Expandable Upto 1 TB17.02 cm (6.7 inch) Full HD+ Display108MP + 12MP + 5MP + 5MP | 32MP Front Camera5000 mAh Li-ion BatteryQualcomm Snapdragon 778G Processor1 Year Manufacturer Warranty for Device and 6 Months Manufacturer Warranty for In-Box,4.2
95,"OnePlus 10 Pro 5G (Emerald Forest, 128 GB)","₹48,490",8 GB RAM | 128 GB ROM17.02 cm (6.7 inch) Display48MP Rear Camera5000 mAh Battery1 year manufacturer warranty for device and 6 months manufacturer warranty for in-box accessories including batteries from the date of purchase,4.2
96,"APPLE iPhone 11 (White, 128 GB)","₹45,499",128 GB ROM15.49 cm (6.1 inch) Liquid Retina HD Display12MP + 12MP | 12MP Front CameraA13 Bionic Chip ProcessorBrand Warranty of 1 Year,4.6
97,"APPLE iPhone 11 (Black, 128 GB)","₹45,499",128 GB ROM15.49 cm (6.1 inch) Liquid Retina HD Display12MP + 12MP | 12MP Front CameraA13 Bionic Chip ProcessorBrand Warranty of 1 Year,4.6
98,"MOTOROLA Edge 30 Ultra (Interstellar Black, 256 GB)","₹49,999",12 GB RAM | 256 GB ROM16.94 cm (6.67 inch) Full HD+ Display200MP + 50MP + 12MP | 60MP Front Camera4610 mAh Lithium BatteryQualcomm Snapdragon 8+ Gen 1 Processor1 Year on Handset and 6 Months on Accessories,4.2
99,GREENBERRI RAFALE,₹899,32 MB RAM | 32 MB ROM4.57 cm (1.8 inch) Display2MP Rear Camera1000 mAh Battery1 YEAR DOMESTIC WARRANTY,3.9
100,"MOTOROLA Edge 30 Ultra (Starlight White, 256 GB)","₹49,999",12 GB RAM | 256 GB ROM16.94 cm (6.67 inch) Full HD+ Display200MP + 50MP + 12MP | 60MP Front Camera4610 mAh Lithium BatteryQualcomm Snapdragon 8+ Gen 1 Processor1 Year on Handset and 6 Months on Accessories,4.2
101,"OnePlus 10 Pro 5G (Volcanic Black, 128 GB)","₹48,280",8 GB RAM | 128 GB ROM17.02 cm (6.7 inch) Display48MP Rear Camera5000 mAh Battery1 Year Manufacturer Warranty for Handset and 6 Months Warranty for In the Box Accessories,4.2
102,"SAMSUNG Galaxy A54 5G (Awesome Graphite, 256 GB)","₹40,999","8 GB RAM | 256 GB ROM | Expandable Upto 1 TB16.26 cm (6.4 inch) Full HD+ Display50MP + 12MP + 5MP | 32MP Front Camera5000 mAh BatteryExynos 1380, Octa Core Processor1 Year Manufacturer Warranty for Device and 6 Months Manufacturer Warranty for In-Box Accessories",4.3
103,Cellecor E3,"₹1,061",32 MB RAM | 32 MB ROM | Expandable Upto 32 GB4.57 cm (1.8 inch) Display0.8MP Rear Camera1000 mAh Battery1 Year Manufacturer Warranty,3.6
104,"SAMSUNG Galaxy A54 5G (Awesome Lime, 256 GB)","₹40,999","8 GB RAM | 256 GB ROM | Expandable Upto 1 TB16.26 cm (6.4 inch) Full HD+ Display50MP + 12MP + 5MP | 32MP Front Camera5000 mAh BatteryExynos 1380, Octa Core Processor1 Year Manufacturer Warranty for Device and 6 Months Manufacturer Warranty for In-Box Accessories",4.3
105,"SAMSUNG Galaxy S21 FE 5G (Olive Green, 128 GB)","₹39,999",8 GB RAM | 128 GB ROM16.26 cm (6.4 inch) Full HD+ Display12MP + 12MP + 8MP (OIS) | 32MP Front Camera4500 mAh Lithium-ion Battery1 Year Manufacturer Warranty for Device and 6 Months Manufacturer Warranty for In-Box Accessories,4.3
106,"SAMSUNG Galaxy S21 FE 5G (Graphite, 128 GB)","₹39,999",8 GB RAM | 128 GB ROM16.26 cm (6.4 inch) Full HD+ Display12MP + 12MP + 8MP (OIS) | 32MP Front Camera4500 mAh Lithium-ion Battery1 Year Manufacturer Warranty for Device and 6 Months Manufacturer Warranty for In-Box Accessories,4.3
107,"OnePlus 11R 5G (Sonic Black, 256 GB)","₹44,299",16 GB RAM | 256 GB ROM17.02 cm (6.7 inch) Display50MP Rear Camera5000 mAh BatteryDomestic warranty of 12 months on phone & 6 months on accessries,4.6
108,"Xiaomi 12 Pro 5G (Opera Mauve, 256 GB)","₹43,999",8 GB RAM | 256 GB ROM17.09 cm (6.73 inch) Full HD+ AMOLED Display50MP Rear Camera4600 mAh BatterySnapdragon@ 8 Gen 1 Processor12 Months,4.2
109,"OnePlus 10 Pro 5G (Emerald Forest, 128 GB)","₹48,490",8 GB RAM | 128 GB ROM17.02 cm (6.7 inch) Display48MP Rear Camera5000 mAh Battery1 year manufacturer warranty for device and 6 months manufacturer warranty for in-box accessories including batteries from the date of purchase,4.2
110,"SAMSUNG Galaxy A54 5G (Awesome Violet, 256 GB)","₹40,999","8 GB RAM | 256 GB ROM | Expandable Upto 1 TB16.26 cm (6.4 inch) Full HD+ Display50MP + 12MP + 5MP | 32MP Front Camera5000 mAh BatteryExynos 1380, Octa Core Processor1 Year Manufacturer Warranty for Device and 6 Months Manufacturer Warranty for In-Box Accessories",4.3
111,"SAMSUNG Galaxy S22 5G (Green, 128 GB)","₹49,390",8 GB RAM | 128 GB ROM15.49 cm (6.1 inch) Display50MP Rear Camera3700 mAh Battery1 Year Warranty,4.3
112,"Xiaomi 12 Pro 5G (Couture Blue, 256 GB)","₹47,999",12 GB RAM | 256 GB ROM17.09 cm (6.73 inch) Full HD+ AMOLED Display50MP Rear Camera4600 mAh BatterySnapdragon@ 8 Gen 1 Processor12 Months,4.1
113,"Xiaomi 12 Pro 5G (Noir Black, 256 GB)","₹46,499",12 GB RAM | 256 GB ROM17.09 cm (6.73 inch) Full HD+ AMOLED Display50MP Rear Camera4600 mAh BatterySnapdragon@ 8 Gen 1 Processor12 Months,4.1
114,"SAMSUNG Galaxy A73 5G (Awesome Gray, 128 GB)","₹41,999",8 GB RAM | 128 GB ROM | Expandable Upto 1 TB17.02 cm (6.7 inch) Full HD+ Display108MP + 12MP + 5MP + 5MP | 32MP Front Camera5000 mAh Li-ion BatteryQualcomm Snapdragon 778G Processor1 Year Manufacturer Warranty for Device and 6 Months Manufacturer Warranty for In-Box,4.2
115,"SAMSUNG Galaxy A73 5G (Awesome White, 128 GB)","₹41,999",8 GB RAM | 128 GB ROM | Expandable Upto 1 TB17.02 cm (6.7 inch) Full HD+ Display108MP + 12MP + 5MP + 5MP | 32MP Front Camera5000 mAh Li-ion BatteryQualcomm Snapdragon 778G Processor1 Year Manufacturer Warranty for Device and 6 Months Manufacturer Warranty for In-Box,4.2
116,"SAMSUNG Galaxy S22 5G (Bora Purple, 128 GB)","₹49,949",8 GB RAM | 128 GB ROM15.49 cm (6.1 inch) Display50MP Rear Camera3700 mAh Battery1 year on phone & 6 months on accessories,4.3
117,"APPLE iPhone 11 (Green, 128 GB)","₹46,999",128 GB ROM15.49 cm (6.1 inch) Liquid Retina HD Display12MP + 12MP | 12MP Front CameraA13 Bionic Chip ProcessorBrand Warranty of 1 Year,4.6
118,"SAMSUNG Galaxy S22 5G (Phantom White, 128 GB)","₹49,999",8 GB RAM | 128 GB ROM15.49 cm (6.1 inch) Full HD+ Display50MP + 12MP + 10MP | 10MP Front Camera3700 mAh Lithium-ion BatteryOcta Core Processor1 Year Manufacturer Warranty for Device and 6 Months Manufacturer Warranty for In-Box Accessories,4.3
119,"SAMSUNG Galaxy S22 5G (Phantom Black, 128 GB)","₹49,999",8 GB RAM | 128 GB ROM15.49 cm (6.1 inch) Full HD+ Display50MP + 12MP + 10MP | 10MP Front Camera3700 mAh Lithium-ion BatteryOcta Core Processor1 Year Manufacturer Warranty for Device and 6 Months Manufacturer Warranty for In-Box Accessories,4.3
